Артикул;Серия;Тип;Наименование;Причина
00935.A;Arke, Arke Fit, Eikon Evo, Eikon Exe, Eikon Flat, Neve Up, Plana;аксессуар;Светодиод для подсветок 12-24V 0,1W янтарный;на сайте заглушка «нет фото»
00935.B;Arke, Arke Fit, Eikon Evo, Eikon Exe, Eikon Flat, Neve Up, Plana;аксессуар;Подсветка LED 12-24V 0,1W голубая;на сайте заглушка «нет фото»
00935.G;Arke, Arke Fit, Eikon Evo, Eikon Exe, Eikon Flat, Neve Up, Plana;аксессуар;Светодиод для подсветок LED 12-24V 0,1W зеленый;на сайте заглушка «нет фото»
00935.R;Arke, Arke Fit, Eikon Evo, Eikon Exe, Eikon Flat, Neve Up, Plana;аксессуар;Подсветка LED 12-24V 0,1W красная;на сайте заглушка «нет фото»
00935.W;Arke, Arke Fit, Eikon Evo, Eikon Exe, Eikon Flat, Neve Up, Plana;аксессуар;Светодиод для подсветок LED 12-24V 0,1W белый;на сайте заглушка «нет фото»
00937.A;Arke, Arke Fit, Eikon Evo, Eikon Exe, Eikon Flat, Neve Up, Plana;аксессуар;Подсветка LED 12-24V 0,1W для осевых устройств янтарная;на сайте заглушка «нет фото»
00937.B;Arke, Arke Fit, Eikon Evo, Eikon Exe, Eikon Flat, Neve Up, Plana;аксессуар;Подсветка LED 12-24V 0,1W для осевых устройств голубая;на сайте заглушка «нет фото»
00937.G;Arke, Arke Fit, Eikon Evo, Eikon Exe, Eikon Flat, Neve Up, Plana;аксессуар;Подсветка LED 12-24V 0,1W для осевых устройств Зелёная;на сайте заглушка «нет фото»
00937.R;Arke, Arke Fit, Eikon Evo, Eikon Exe, Eikon Flat, Neve Up, Plana;аксессуар;Подсветка LED 12-24V 0,1W для осевых устройств красная;на сайте заглушка «нет фото»
00937.W;Arke, Arke Fit, Eikon Evo, Eikon Exe, Eikon Flat, Neve Up, Plana;аксессуар;Подсветка LED 12-24V 0,1W для осевых устройств белая;на сайте заглушка «нет фото»
00938.A;Arke, Arke Fit, Eikon Evo, Eikon Exe, Eikon Flat, Neve Up, Plana;аксессуар;Подсветка LED 110-250 0,3W для осевых устройств янтарная;на сайте заглушка «нет фото»
00938.B;Arke, Arke Fit, Eikon Evo, Eikon Exe, Eikon Flat, Neve Up, Plana;аксессуар;Светодиод для подсветок 110-250V 0,3W для осевых устройств голубой;на сайте заглушка «нет фото»
00938.G;Arke, Arke Fit, Eikon Evo, Eikon Exe, Eikon Flat, Neve Up, Plana;аксессуар;Светодиод для подсветок 110-250V 0,3W для осевых устройств Зелёная;на сайте заглушка «нет фото»
00938.R;Arke, Arke Fit, Eikon Evo, Eikon Exe, Eikon Flat, Neve Up, Plana;аксессуар;Светодиод для подсветок 110-250 0,3W для осевых устройств красная;на сайте заглушка «нет фото»
00938.W;Arke, Arke Fit, Eikon Evo, Eikon Exe, Eikon Flat, Neve Up, Plana;аксессуар;Светодиод для подсветок 110-250 0,3W для осевых устройств белая;на сайте заглушка «нет фото»
09661.03;Neve Up;накладка;Накладка на 1 модуль центрально для коробки на 2 модуля, ардезия;артикула нет на сайте vimar.ru
09661.12;Neve Up;накладка;Накладка на 1 модуль центрально для коробки на 2 модуля, горлица матовая;артикула нет на сайте vimar.ru
09671.01;Neve Up;накладка;Накладка на 1 модуль центрально для коробки на 3 модуля, белая;артикула нет на сайте vimar.ru
09671.02;Neve Up;накладка;Накладка на 1 модуль центрально для коробки на 3 модуля, слоновая кость;артикула нет на сайте vimar.ru
09671.03;Neve Up;накладка;Накладка на 1 модуль центрально для коробки на 3 модуля, ардезия;артикула нет на сайте vimar.ru
09671.04;Neve Up;накладка;Накладка на 1 модуль центрально для коробки на 3 модуля, Чёрная;артикула нет на сайте vimar.ru
09671.11;Neve Up;накладка;Накладка на 1 модуль центрально для коробки на 3 модуля, белая матовая;артикула нет на сайте vimar.ru
09671.12;Neve Up;накладка;Накладка на 1 модуль центрально для коробки на 3 модуля, горлица матовая;артикула нет на сайте vimar.ru
09671.13;Neve Up;накладка;Накладка на 1 модуль центрально для коробки на 3 модуля, глина матовая;артикула нет на сайте vimar.ru
09671.14;Neve Up;накладка;Накладка на 1 модуль центрально для коробки на 3 модуля, карбон матовый;артикула нет на сайте vimar.ru
09671.21;Neve Up;накладка;Накладка на 1 модуль центрально для коробки на 3 модуля, серебро матовое;артикула нет на сайте vimar.ru
09671.22;Neve Up;накладка;Накладка на 1 модуль центрально для коробки на 3 модуля, никель матовый;артикула нет на сайте vimar.ru
09671.23;Neve Up;накладка;Накладка на 1 модуль центрально для коробки на 3 модуля, титан матовый;артикула нет на сайте vimar.ru
09671.24;Neve Up;накладка;Накладка на 1 модуль центрально для коробки на 3 модуля, медь матовая;артикула нет на сайте vimar.ru
09672.01;Neve Up;накладка;Накладка на 2 модуля центрально для коробки на 3 модуля, белая;артикула нет на сайте vimar.ru
09672.02;Neve Up;накладка;Накладка на 2 модуля центрально для коробки на 3 модуля, слоновая кость;артикула нет на сайте vimar.ru
09672.03;Neve Up;накладка;Накладка на 2 модуля центрально для коробки на 3 модуля, ардезия;артикула нет на сайте vimar.ru
09672.04;Neve Up;накладка;Накладка на 2 модуля центрально для коробки на 3 модуля, Чёрная;артикула нет на сайте vimar.ru
09672.11;Neve Up;накладка;Накладка на 2 модуля центрально для коробки на 3 модуля, белая матовая;артикула нет на сайте vimar.ru
09672.12;Neve Up;накладка;Накладка на 2 модуля центрально для коробки на 3 модуля, горлица матовая;артикула нет на сайте vimar.ru
09672.13;Neve Up;накладка;Накладка на 2 модуля центрально для коробки на 3 модуля, глина матовая;артикула нет на сайте vimar.ru
09672.14;Neve Up;накладка;Накладка на 2 модуля центрально для коробки на 3 модуля, карбон матовый;артикула нет на сайте vimar.ru
09672.21;Neve Up;накладка;Накладка на 2 модуля центрально для коробки на 3 модуля, серебро матовое;артикула нет на сайте vimar.ru
09672.22;Neve Up;накладка;Накладка на 2 модуля центрально для коробки на 3 модуля, никель матовый;артикула нет на сайте vimar.ru
09672.23;Neve Up;накладка;Накладка на 2 модуля центрально для коробки на 3 модуля, титан матовый;артикула нет на сайте vimar.ru
09672.24;Neve Up;накладка;Накладка на 2 модуля центрально для коробки на 3 модуля, медь матовая;артикула нет на сайте vimar.ru
09679.01;Neve Up;накладка;Накладка на 2 модуля по бокам для коробки на 3 модуля, белая;артикула нет на сайте vimar.ru
09679.02;Neve Up;накладка;Накладка на 2 модуля по бокам для коробки на 3 модуля, слоновая кость;артикула нет на сайте vimar.ru
09679.03;Neve Up;накладка;Накладка на 2 модуля по бокам для коробки на 3 модуля, ардезия;артикула нет на сайте vimar.ru
09679.04;Neve Up;накладка;Накладка на 2 модуля по бокам для коробки на 3 модуля, Чёрная;артикула нет на сайте vimar.ru
09679.11;Neve Up;накладка;Накладка на 2 модуля по бокам для коробки на 3 модуля, белая матовая;артикула нет на сайте vimar.ru
09679.12;Neve Up;накладка;Накладка на 2 модуля по бокам для коробки на 3 модуля, горлица матовая;артикула нет на сайте vimar.ru
09679.13;Neve Up;накладка;Накладка на 2 модуля по бокам для коробки на 3 модуля, глина матовая;артикула нет на сайте vimar.ru
09679.14;Neve Up;накладка;Накладка на 2 модуля по бокам для коробки на 3 модуля, карбон матовый;артикула нет на сайте vimar.ru
09679.21;Neve Up;накладка;Накладка на 2 модуля по бокам для коробки на 3 модуля, серебро матовое;артикула нет на сайте vimar.ru
09679.22;Neve Up;накладка;Накладка на 2 модуля по бокам для коробки на 3 модуля, никель матовый;артикула нет на сайте vimar.ru
09679.23;Neve Up;накладка;Накладка на 2 модуля по бокам для коробки на 3 модуля, титан матовый;артикула нет на сайте vimar.ru
09679.24;Neve Up;накладка;Накладка на 2 модуля по бокам для коробки на 3 модуля, медь матовая;артикула нет на сайте vimar.ru
14003.SL;Plana;механизм;Выключатель тройной 1P 20AX серебристый;на сайте заглушка «нет фото»
14295.AC;Plana;механизм;Зарядное устройство с разъемом USB A+C 5V 3A, белое;на сайте заглушка «нет фото»
14641.75.01;Plana;накладка;Накладка на 1 модуль серебро перламутровое;артикула нет на сайте vimar.ru
14642.04;Plana;накладка;Накладка для 2 модулей кремовая;артикула нет на сайте vimar.ru
14642.26;Plana;накладка;Накладка для 2 модулей бронза металлизированная;на сайте заглушка «нет фото»
14642.27;Plana;накладка;Накладка для 2 модулей серебро металлизированное;на сайте заглушка «нет фото»
14642.32;Plana;накладка;Накладка для 2 модулей из технополимера с отделкой под натуральное дерево красная сосна;артикула нет на сайте vimar.ru
14642.42;Plana;накладка;Накладка для 2 модулей Reflex воздушная;артикула нет на сайте vimar.ru
14642.62;Plana;накладка;Накладка для 2 модулей дерево-натуральная груша;артикула нет на сайте vimar.ru
14642.75.01;Plana;накладка;Накладка на 2 модуля серебро перламутровое;артикула нет на сайте vimar.ru
14642.C.01;Plana;накладка;Накладка для 2 модулей с крышкой белая;на сайте заглушка «нет фото»
14643.26;Plana;накладка;Накладка для 4 модулей (2+2) расстояние между центрами 71мм бронза металлизированная;на сайте заглушка «нет фото»
14643.27;Plana;накладка;Накладка для 4 модулей (2+2) расстояние между центрами 71мм серебро металлизированное;на сайте заглушка «нет фото»
14643.42;Plana;накладка;Накладка для 4 модулей (2+2) расстояние между центрами 71мм Reflex воздушная;артикула нет на сайте vimar.ru
14644.26;Plana;накладка;Накладка для 6 модулей (2+2+2) расстояние между центрами 71мм бронза металлизированная;на сайте заглушка «нет фото»
14644.27;Plana;накладка;Накладка для 6 модулей (2+2+2) расстояние между центрами 71мм серебро металлизированное;на сайте заглушка «нет фото»
14652.42;Plana;накладка;Накладка для 2 модулей центрально Reflex воздушная;артикула нет на сайте vimar.ru
14652.75.01;Plana;накладка;Накладка на 2 модуля центрально серебро перламутровое;артикула нет на сайте vimar.ru
14653.04;Plana;накладка;Накладка для 3 модулей кремовая;артикула нет на сайте vimar.ru
14653.23;Plana;накладка;Накладка для 3 модулей коричневая переливающаяся;артикула нет на сайте vimar.ru
14653.31;Plana;накладка;Накладка для 3 модулей из технополимера с отделкой под натуральное дерево ясень;артикула нет на сайте vimar.ru
14653.32;Plana;накладка;Накладка для 3 модулей из технополимера с отделкой под натуральное дерево красная сосна;артикула нет на сайте vimar.ru
14653.33;Plana;накладка;Накладка для 3 модулей из технополимера с отделкой под натуральное дерево макоре;артикула нет на сайте vimar.ru
14653.42;Plana;накладка;Накладка для 3 модулей Reflex воздушная;артикула нет на сайте vimar.ru
14653.46;Plana;накладка;Накладка для 3 модулей Reflex "лимон";артикула нет на сайте vimar.ru
14653.61;Plana;накладка;Накладка для 3 модулей дерево-натуральный клен;артикула нет на сайте vimar.ru
14653.63;Plana;накладка;Накладка для 3 модулей дерево-натуральная вишня;артикула нет на сайте vimar.ru
14653.73;Plana;накладка;Накладка для 3 модулей синяя металлизированная;артикула нет на сайте vimar.ru
14653.75.01;Plana;накладка;Накладка на 3 модуля серебро перламутровое;артикула нет на сайте vimar.ru
14653.AB.01;Plana;накладка;Накладка для 3 модулей  С антибактериальным покрытием, белая;на сайте заглушка «нет фото»
14654.04;Plana;накладка;Накладка для 4 модулей кремовая;артикула нет на сайте vimar.ru
14654.23;Plana;накладка;Накладка для 4 модулей коричневая переливающаяся;артикула нет на сайте vimar.ru
14654.31;Plana;накладка;Накладка для 4 модулей из технополимера с отделкой под натуральное дерево ясень;артикула нет на сайте vimar.ru
14654.32;Plana;накладка;Накладка для 4 модулей из технополимера с отделкой под натуральное дерево красная сосна;артикула нет на сайте vimar.ru
14654.42;Plana;накладка;Накладка для 4 модулей Reflex воздушная;артикула нет на сайте vimar.ru
14654.61;Plana;накладка;Накладка для 4 модулей дерево-натуральный клен;артикула нет на сайте vimar.ru
14654.72;Plana;накладка;Накладка для 4 модулей Зелёная металлизированная;артикула нет на сайте vimar.ru
14654.73;Plana;накладка;Накладка для 4 модулей синяя металлизированная;артикула нет на сайте vimar.ru
14654.75.01;Plana;накладка;Накладка на 4 модуля серебро перламутровое;артикула нет на сайте vimar.ru
14657.23;Plana;накладка;Накладка для 7 модулей коричневая переливающаяся;артикула нет на сайте vimar.ru
14657.31;Plana;накладка;Накладка для 7 модулей из технополимера с отделкой под натуральное дерево ясень;артикула нет на сайте vimar.ru
14657.42;Plana;накладка;Накладка для 7 модулей Reflex воздушная;артикула нет на сайте vimar.ru
14657.63;Plana;накладка;Накладка для 7 модулей дерево-натуральная вишня;артикула нет на сайте vimar.ru
14657.75.01;Plana;накладка;Накладка на 7 модулей серебро перламутровое;артикула нет на сайте vimar.ru
14668.75.01;Plana;накладка;Накладка на 8 модулей серебро перламутровое;артикула нет на сайте vimar.ru
14669.26;Plana;накладка;Накладка для 8 модулей (2+2+2+2) расстояние между центрами 71мм бронза металлизированная;на сайте заглушка «нет фото»
14669.27;Plana;накладка;Накладка для 8 модулей (2+2+2+2) расстояние между центрами 71мм серебро металлизированное;на сайте заглушка «нет фото»
19641.03;Arke;накладка;Накладка CLASSIC на 1 модуль серебро;артикула нет на сайте vimar.ru
19641.06;Arke;накладка;Накладка CLASSIC на 1 модуль полярная;артикула нет на сайте vimar.ru
19641.09;Arke;накладка;Накладка CLASSIC на 1 модуль хром черный;артикула нет на сайте vimar.ru
19641.11;Arke;накладка;Накладка Classic на 1 модуль медь зачищенная щеткой;артикула нет на сайте vimar.ru
19641.12;Arke;накладка;Накладка Classic на 1 модуль латунь зачищенная щеткой;артикула нет на сайте vimar.ru
19641.41;Arke;накладка;Накладка CLASSIC на 1 модуль венге;артикула нет на сайте vimar.ru
19641.42;Arke;накладка;Накладка CLASSIC на 1 модуль вишня;артикула нет на сайте vimar.ru
19641.43;Arke;накладка;Накладка CLASSIC на 1 модуль лиственница;артикула нет на сайте vimar.ru
19641.61;Arke;накладка;Накладка CLASSIC на 1 модуль Reflex серый дым;артикула нет на сайте vimar.ru
19641.62;Arke;накладка;Накладка CLASSIC на 1 модуль Reflex карамель;артикула нет на сайте vimar.ru
19641.63;Arke;накладка;Накладка CLASSIC на 1 модуль Reflex оранжевый;артикула нет на сайте vimar.ru
19641.64;Arke;накладка;Накладка CLASSIC на 1 модуль Reflex ультрамарин;артикула нет на сайте vimar.ru
19641.65;Arke;накладка;Накладка CLASSIC на 1 модуль Reflex шалфей;артикула нет на сайте vimar.ru
19641.66;Arke;накладка;Накладка CLASSIC на 1 модуль Reflex лед;артикула нет на сайте vimar.ru
19641.67;Arke;накладка;Накладка CLASSIC на 1 модуль Reflex слоновая кость;артикула нет на сайте vimar.ru
19641.75;Arke;накладка;Накладка CLASSIC на 1 модуль красная матовая;артикула нет на сайте vimar.ru
19641.77;Arke;накладка;Накладка CLASSIC на 1 модуль Зелёная матовая;артикула нет на сайте vimar.ru
19641.B66;Arke;накладка;Накладка CLASSIC на 1 модуль лед TOTAL LOOK;артикула нет на сайте vimar.ru
19642.03;Arke;накладка;Накладка CLASSIC на 2 модуля серебро;артикула нет на сайте vimar.ru
19642.06;Arke;накладка;Накладка CLASSIC на 2 модуля полярная;артикула нет на сайте vimar.ru
19642.09;Arke;накладка;Накладка CLASSIC на 2 модуля хром черный;артикула нет на сайте vimar.ru
19642.11;Arke;накладка;Накладка Classic на 2 модуля медь зачищенная щеткой;артикула нет на сайте vimar.ru
19642.12;Arke;накладка;Накладка Classic на 2 модуля латунь зачищенная щеткой;артикула нет на сайте vimar.ru
19642.13;Arke;накладка;Накладка Classic на 2 модуля шампань матовый;артикула нет на сайте vimar.ru
19642.17;Arke;накладка;Накладка Classic на 2 модуля бронза темная;артикула нет на сайте vimar.ru
19642.41;Arke;накладка;Накладка CLASSIC на 2 модуля венге;артикула нет на сайте vimar.ru
19642.42;Arke;накладка;Накладка CLASSIC на 2 модуля вишня;артикула нет на сайте vimar.ru
19642.43;Arke;накладка;Накладка CLASSIC на 2 модуля лиственница;артикула нет на сайте vimar.ru
19642.61;Arke;накладка;Накладка CLASSIC на 2 модуля Reflex серый дым;артикула нет на сайте vimar.ru
19642.62;Arke;накладка;Накладка CLASSIC на 2 модуля Reflex карамель;артикула нет на сайте vimar.ru
19642.63;Arke;накладка;Накладка CLASSIC на 2 модуля Reflex оранжевый;артикула нет на сайте vimar.ru
19642.64;Arke;накладка;Накладка CLASSIC на 2 модуля Reflex ультрамарин;артикула нет на сайте vimar.ru
19642.65;Arke;накладка;Накладка CLASSIC на 2 модуля Reflex шалфей;артикула нет на сайте vimar.ru
19642.66;Arke;накладка;Накладка CLASSIC на 2 модуля Reflex лед;артикула нет на сайте vimar.ru
19642.67;Arke;накладка;Накладка CLASSIC на 2 модуля Reflex слоновая кость;артикула нет на сайте vimar.ru
19642.75;Arke;накладка;Накладка CLASSIC на 2 модуля красная матовая;артикула нет на сайте vimar.ru
19642.77;Arke;накладка;Накладка CLASSIC на 2 модуля Зелёная матовая;артикула нет на сайте vimar.ru
19642.80;Arke;накладка;Накладка Classic на 2 модуля Metal;артикула нет на сайте vimar.ru
19642.AB.71;Arke;накладка;Накладка Classic 2 мод., с антибактериальным покрытием, Чёрная;артикула нет на сайте vimar.ru
19642.AB.74;Arke;накладка;Накладка Classic 2 мод., с антибактериальным покрытием, белая;артикула нет на сайте vimar.ru
19642.B06;Arke;накладка;Накладка CLASSIC на 2 модуля полярная TOTAL LOOK;артикула нет на сайте vimar.ru
19642.B66;Arke;накладка;Накладка CLASSIC на 2 модуля лед TOTAL LOOK;артикула нет на сайте vimar.ru
19643.01;Arke;накладка;Накладка CLASSIC на 4 модуля (2+2) расстояние между центрами 71мм графит матовый;артикула нет на сайте vimar.ru
19643.04;Arke;накладка;Накладка CLASSIC на 4 модуля (2+2) расстояние между центрами 71мм титан матовый;артикула нет на сайте vimar.ru
19643.06;Arke;накладка;Накладка CLASSIC на 4 модуля (2+2) расстояние между центрами 71мм полярная;артикула нет на сайте vimar.ru
19643.08;Arke;накладка;Накладка CLASSIC на 4 модуля (2+2) расстояние между центрами 71мм сталь матовая;артикула нет на сайте vimar.ru
19643.12;Arke;накладка;Накладка CLASSIC на 4 модуля (2+2) расстояние между центрами 71мм латунь зачищенная щеткой;артикула нет на сайте vimar.ru
19643.13;Arke;накладка;Накладка CLASSIC на 4 модуля (2+2) расстояние между центрами 71мм шампань матовый;артикула нет на сайте vimar.ru
19643.71;Arke;накладка;Накладка CLASSIC на 4 модуля (2+2) расстояние между центрами 71мм Чёрная;артикула нет на сайте vimar.ru
19643.73;Arke;накладка;Накладка CLASSIC на 4 модуля (2+2) расстояние между центрами 71мм слоновая кость;артикула нет на сайте vimar.ru
19643.74;Arke;накладка;Накладка CLASSIC на 4 модуля (2+2) расстояние между центрами 71мм белая;артикула нет на сайте vimar.ru
19643.78;Arke;накладка;Накладка CLASSIC на 4 модуля (2+2) расстояние между центрами 71мм золото матовое;артикула нет на сайте vimar.ru
19643.79;Arke;накладка;Накладка CLASSIC на 4 модуля (2+2) расстояние между центрами 71мм серебро матовое;артикула нет на сайте vimar.ru
19643.80;Arke;накладка;Накладка CLASSIC на 4 модуля (2+2) расстояние между центрами 71мм  Metal;артикула нет на сайте vimar.ru
19643.AB.71;Arke;накладка;Накладка Classic 4 мод. (2+2) внутр. 71, с антибактериальным покрытием, Чёрная;артикула нет на сайте vimar.ru
19643.AB.74;Arke;накладка;Накладка Classic 4 мод. (2+2) внутр. 71, с антибактериальным покрытием, белая;артикула нет на сайте vimar.ru
19644.01;Arke;накладка;Накладка CLASSIC на 6 модулей (2+2+2) расстояние между центрами 71мм графит матовый;артикула нет на сайте vimar.ru
19644.04;Arke;накладка;Накладка CLASSIC на 6 модулей (2+2+2) расстояние между центрами 71мм титан матовый;артикула нет на сайте vimar.ru
19644.06;Arke;накладка;Накладка CLASSIC на 6 модулей (2+2+2) расстояние между центрами 71мм полярная;артикула нет на сайте vimar.ru
19644.08;Arke;накладка;Накладка CLASSIC на 6 модулей (2+2+2) расстояние между центрами 71мм сталь матовая;артикула нет на сайте vimar.ru
19644.12;Arke;накладка;Накладка CLASSIC на 6 модулей (2+2+2) расстояние между центрами 71мм латунь зачищенная щеткой;артикула нет на сайте vimar.ru
19644.13;Arke;накладка;Накладка CLASSIC на 6 модулей (2+2+2) расстояние между центрами 71мм шампань матовый;артикула нет на сайте vimar.ru
19644.71;Arke;накладка;Накладка CLASSIC на 6 модулей (2+2+2) расстояние между центрами 71мм Чёрная;артикула нет на сайте vimar.ru
19644.73;Arke;накладка;Накладка CLASSIC на 6 модулей (2+2+2) расстояние между центрами 71мм слоновая кость;артикула нет на сайте vimar.ru
19644.74;Arke;накладка;Накладка CLASSIC на 6 модулей (2+2+2) расстояние между центрами 71мм белая;артикула нет на сайте vimar.ru
19644.78;Arke;накладка;Накладка CLASSIC на 6 модулей (2+2+2) расстояние между центрами 71мм золото матовое;артикула нет на сайте vimar.ru
19644.79;Arke;накладка;Накладка CLASSIC на 6 модулей (2+2+2) расстояние между центрами 71мм серебро матовое;артикула нет на сайте vimar.ru
19644.80;Arke;накладка;Накладка CLASSIC на 6 модулей (2+2+2) расстояние между центрами 71мм  Metal;артикула нет на сайте vimar.ru
19644.AB.71;Arke;накладка;Накладка Classic 6 мод. (2++2+2) внутр. 71, с антибактериальным покрытием, Чёрная;артикула нет на сайте vimar.ru
19644.AB.74;Arke;накладка;Накладка Classic 6 мод. (2+2+2) внутр. 71, с антибактериальным покрытием, белая;артикула нет на сайте vimar.ru
19652.03;Arke;накладка;Накладка CLASSIC на 2 модуля центрально серебро;артикула нет на сайте vimar.ru
19652.06;Arke;накладка;Накладка CLASSIC на 2 модуля центрально полярная;артикула нет на сайте vimar.ru
19652.09;Arke;накладка;Накладка CLASSIC на 2 модуля центрально хром черный;артикула нет на сайте vimar.ru
19652.11;Arke;накладка;Накладка Classic на 2 модуляC медь зачищенная щеткой;артикула нет на сайте vimar.ru
19652.12;Arke;накладка;Накладка Classic на 2 модуляC латунь зачищенная щеткой;артикула нет на сайте vimar.ru
19652.13;Arke;накладка;Накладка Classic на 2 модуляC шампань матовый;артикула нет на сайте vimar.ru
19652.17;Arke;накладка;Накладка Classic на 2 модуляC бронза темная;артикула нет на сайте vimar.ru
19652.41;Arke;накладка;Накладка CLASSIC на 2 модуля центрально венге;артикула нет на сайте vimar.ru
19652.42;Arke;накладка;Накладка CLASSIC на 2 модуля центрально вишня;артикула нет на сайте vimar.ru
19652.43;Arke;накладка;Накладка CLASSIC на 2 модуля центрально лиственница;артикула нет на сайте vimar.ru
19652.61;Arke;накладка;Накладка CLASSIC на 2 центральных модуля Reflex серый дым;артикула нет на сайте vimar.ru
19652.62;Arke;накладка;Накладка CLASSIC на 2 центральных модуля Reflex карамель;артикула нет на сайте vimar.ru
19652.63;Arke;накладка;Накладка CLASSIC на 2 центральных модуля Reflex оранжевый;артикула нет на сайте vimar.ru
19652.64;Arke;накладка;Накладка CLASSIC на 2 центральных модуля Reflex ультрамарин;артикула нет на сайте vimar.ru
19652.65;Arke;накладка;Накладка CLASSIC на 2 центральных модуля Reflex шалфей;артикула нет на сайте vimar.ru
19652.66;Arke;накладка;Накладка CLASSIC на 2 центральных модуля Reflex лед;артикула нет на сайте vimar.ru
19652.67;Arke;накладка;Накладка CLASSIC на 2 центральных модуля Reflex слоновая кость;артикула нет на сайте vimar.ru
19652.75;Arke;накладка;Накладка CLASSIC на 2 модуля центрально красная матовая;артикула нет на сайте vimar.ru
19652.77;Arke;накладка;Накладка CLASSIC на 2 модуля центрально Зелёная матовая;артикула нет на сайте vimar.ru
19652.80;Arke;накладка;Накладка Classic на 2 модуля Metal;артикула нет на сайте vimar.ru
19652.B06;Arke;накладка;Накладка CLASSIC на 2 центральных модуля полярная TOTAL LOOK;артикула нет на сайте vimar.ru
19652.B66;Arke;накладка;Накладка CLASSIC на 2 центральных модуля лед TOTAL LOOK;артикула нет на сайте vimar.ru
19653.03;Arke;накладка;Накладка CLASSIC на 3 модуля серебро;артикула нет на сайте vimar.ru
19653.06;Arke;накладка;Накладка CLASSIC на 3 модуля полярная;артикула нет на сайте vimar.ru
19653.09;Arke;накладка;Накладка CLASSIC на 3 модуля хром черный;артикула нет на сайте vimar.ru
19653.11;Arke;накладка;Накладка Classic на 3 модуля медь зачищенная щеткой;артикула нет на сайте vimar.ru
19653.12;Arke;накладка;Накладка Classic на 3 модуля латунь зачищенная щеткой;артикула нет на сайте vimar.ru
19653.13;Arke;накладка;Накладка Classic на 3 модуля шампань матовый;артикула нет на сайте vimar.ru
19653.17;Arke;накладка;Накладка Classic на 3 модуля бронза темная;артикула нет на сайте vimar.ru
19653.41;Arke;накладка;Накладка CLASSIC на 3 модуля венге;артикула нет на сайте vimar.ru
19653.42;Arke;накладка;Накладка CLASSIC на 3 модуля вишня;артикула нет на сайте vimar.ru
19653.43;Arke;накладка;Накладка CLASSIC на 3 модуля лиственница;артикула нет на сайте vimar.ru
19653.61;Arke;накладка;Накладка CLASSIC на 3 модуля Reflex серый дым;артикула нет на сайте vimar.ru
19653.62;Arke;накладка;Накладка CLASSIC на 3 модуля Reflex карамель;артикула нет на сайте vimar.ru
19653.63;Arke;накладка;Накладка CLASSIC на 3 модуля Reflex оранжевый;артикула нет на сайте vimar.ru
19653.64;Arke;накладка;Накладка CLASSIC на 3 модуля Reflex ультрамарин;артикула нет на сайте vimar.ru
19653.65;Arke;накладка;Накладка CLASSIC на 3 модуля Reflex шалфей;артикула нет на сайте vimar.ru
19653.66;Arke;накладка;Накладка CLASSIC на 3 модуля Reflex лед;артикула нет на сайте vimar.ru
19653.67;Arke;накладка;Накладка CLASSIC на 3 модуля Reflex слоновая кость;артикула нет на сайте vimar.ru
19653.75;Arke;накладка;Накладка CLASSIC на 3 модуля красная матовая;артикула нет на сайте vimar.ru
19653.77;Arke;накладка;Накладка CLASSIC на 3 модуля Зелёная матовая;артикула нет на сайте vimar.ru
19653.80;Arke;накладка;Накладка Classic на 3 модуля Metal;артикула нет на сайте vimar.ru
19653.AB.71;Arke;накладка;Накладка Classic 3 мод., с антибактериальным покрытием, Чёрная;артикула нет на сайте vimar.ru
19653.AB.74;Arke;накладка;Накладка Classic 3 мод., с антибактериальным покрытием, белая;артикула нет на сайте vimar.ru
19653.B06;Arke;накладка;Накладка CLASSIC на 3 модуля полярная TOTAL LOOK;артикула нет на сайте vimar.ru
19653.B66;Arke;накладка;Накладка CLASSIC на 3 модуля лед TOTAL LOOK;артикула нет на сайте vimar.ru
19654.03;Arke;накладка;Накладка CLASSIC на 4 модуля серебро;артикула нет на сайте vimar.ru
19654.06;Arke;накладка;Накладка CLASSIC на 4 модуля полярная;артикула нет на сайте vimar.ru
19654.09;Arke;накладка;Накладка CLASSIC на 4 модуля хром черный;артикула нет на сайте vimar.ru
19654.11;Arke;накладка;Накладка Classic на 4 модуля медь зачищенная щеткой;артикула нет на сайте vimar.ru
19654.12;Arke;накладка;Накладка Classic на 4 модуля латунь зачищенная щеткой;артикула нет на сайте vimar.ru
19654.13;Arke;накладка;Накладка Classic на 4 модуля шампань матовый;артикула нет на сайте vimar.ru
19654.17;Arke;накладка;Накладка Classic на 4 модуля бронза темная;артикула нет на сайте vimar.ru
19654.41;Arke;накладка;Накладка CLASSIC на 4 модуля венге;артикула нет на сайте vimar.ru
19654.42;Arke;накладка;Накладка CLASSIC на 4 модуля вишня;артикула нет на сайте vimar.ru
19654.43;Arke;накладка;Накладка CLASSIC на 4 модуля лиственница;артикула нет на сайте vimar.ru
19654.61;Arke;накладка;Накладка CLASSIC на 4 модуля Reflex серый дым;артикула нет на сайте vimar.ru
19654.62;Arke;накладка;Накладка CLASSIC на 4 модуля Reflex карамель;артикула нет на сайте vimar.ru
19654.63;Arke;накладка;Накладка CLASSIC на 4 модуля Reflex оранжевый;артикула нет на сайте vimar.ru
19654.64;Arke;накладка;Накладка CLASSIC на 4 модуля Reflex ультрамарин;артикула нет на сайте vimar.ru
19654.65;Arke;накладка;Накладка CLASSIC на 4 модуля Reflex шалфей;артикула нет на сайте vimar.ru
19654.66;Arke;накладка;Накладка CLASSIC на 4 модуля Reflex лед;артикула нет на сайте vimar.ru
19654.67;Arke;накладка;Накладка CLASSIC на 4 модуля Reflex слоновая кость;артикула нет на сайте vimar.ru
19654.75;Arke;накладка;Накладка CLASSIC на 4 модуля красная матовая;артикула нет на сайте vimar.ru
19654.77;Arke;накладка;Накладка CLASSIC на 4 модуля Зелёная матовая;артикула нет на сайте vimar.ru
19654.80;Arke;накладка;Накладка Classic на 4 модуля Metal;артикула нет на сайте vimar.ru
19654.AB.71;Arke;накладка;Накладка Classic 4 мод., с антибактериальным покрытием, Чёрная;артикула нет на сайте vimar.ru
19654.AB.74;Arke;накладка;Накладка Classic 4 мод., с антибактериальным покрытием, белая;артикула нет на сайте vimar.ru
19654.B06;Arke;накладка;Накладка CLASSIC на 4 модуля полярная TOTAL LOOK;артикула нет на сайте vimar.ru
19654.B66;Arke;накладка;Накладка CLASSIC на 4 модуля лед TOTAL LOOK;артикула нет на сайте vimar.ru
19657.03;Arke;накладка;Накладка CLASSIC на 7 модулей серебро;артикула нет на сайте vimar.ru
19657.06;Arke;накладка;Накладка CLASSIC на 7 модулей полярная;артикула нет на сайте vimar.ru
19657.09;Arke;накладка;Накладка CLASSIC на 7 модулей хром черный;артикула нет на сайте vimar.ru
19657.11;Arke;накладка;Накладка Classic на 7 модулей медь зачищенная щеткой;артикула нет на сайте vimar.ru
19657.12;Arke;накладка;Накладка Classic на 7 модулей латунь зачищенная щеткой;артикула нет на сайте vimar.ru
19657.13;Arke;накладка;Накладка Classic на 7 модулей шампань матовый;артикула нет на сайте vimar.ru
19657.17;Arke;накладка;Накладка Classic на 7 модулей бронза темная;артикула нет на сайте vimar.ru
19657.41;Arke;накладка;Накладка CLASSIC на 7 модулей венге;артикула нет на сайте vimar.ru
19657.42;Arke;накладка;Накладка CLASSIC на 7 модулей вишня;артикула нет на сайте vimar.ru
19657.43;Arke;накладка;Накладка CLASSIC на 7 модулей лиственница;артикула нет на сайте vimar.ru
19657.61;Arke;накладка;Накладка CLASSIC на 7 модулей Reflex серый дым;артикула нет на сайте vimar.ru
19657.62;Arke;накладка;Накладка CLASSIC на 7 модулей Reflex карамель;артикула нет на сайте vimar.ru
19657.63;Arke;накладка;Накладка CLASSIC на 7 модулей Reflex оранжевый;артикула нет на сайте vimar.ru
19657.64;Arke;накладка;Накладка CLASSIC на 7 модулей Reflex ультрамарин;артикула нет на сайте vimar.ru
19657.65;Arke;накладка;Накладка CLASSIC на 7 модулей Reflex шалфей;артикула нет на сайте vimar.ru
19657.66;Arke;накладка;Накладка CLASSIC на 7 модулей Reflex лед;артикула нет на сайте vimar.ru
19657.67;Arke;накладка;Накладка CLASSIC на 7 модулей Reflex слоновая кость;артикула нет на сайте vimar.ru
19657.75;Arke;накладка;Накладка CLASSIC на 7 модулей красная матовая;артикула нет на сайте vimar.ru
19657.77;Arke;накладка;Накладка CLASSIC на 7 модулей Зелёная матовая;артикула нет на сайте vimar.ru
19657.80;Arke;накладка;Накладка Classic на 7 модулей Metal;артикула нет на сайте vimar.ru
19657.AB.71;Arke;накладка;Накладка Classic 7 мод., с антибактериальным покрытием, Чёрная;артикула нет на сайте vimar.ru
19657.AB.74;Arke;накладка;Накладка Classic 7 мод., с антибактериальным покрытием, белая;артикула нет на сайте vimar.ru
19657.B06;Arke;накладка;Накладка CLASSIC на 7 модулей полярная TOTAL LOOK;артикула нет на сайте vimar.ru
19657.B66;Arke;накладка;Накладка CLASSIC на 7 модулей лед TOTAL LOOK;артикула нет на сайте vimar.ru
19668.03;Arke;накладка;Накладка CLASSIC на 8 модулей серебро;артикула нет на сайте vimar.ru
19668.06;Arke;накладка;Накладка CLASSIC на 8 модулей полярная;артикула нет на сайте vimar.ru
19668.09;Arke;накладка;Накладка CLASSIC на 8 модулей хром черный;артикула нет на сайте vimar.ru
19668.11;Arke;накладка;Накладка Classic на 8 модулей медь зачищенная щеткой;артикула нет на сайте vimar.ru
19668.12;Arke;накладка;Накладка Classic на 8 модулей латунь зачищенная щеткой;артикула нет на сайте vimar.ru
19668.13;Arke;накладка;Накладка Classic на 8 модулей шампань матовый;артикула нет на сайте vimar.ru
19668.17;Arke;накладка;Накладка Classic на 8 модулей бронза темная;артикула нет на сайте vimar.ru
19668.41;Arke;накладка;Накладка CLASSIC на 8 модулей венге;артикула нет на сайте vimar.ru
19668.42;Arke;накладка;Накладка CLASSIC на 8 модулей вишня;артикула нет на сайте vimar.ru
19668.43;Arke;накладка;Накладка CLASSIC на 8 модулей лиственница;артикула нет на сайте vimar.ru
19668.61;Arke;накладка;Накладка CLASSIC на 8 модулей Reflex серый дым;артикула нет на сайте vimar.ru
19668.62;Arke;накладка;Накладка CLASSIC на 8 модулей Reflex карамель;артикула нет на сайте vimar.ru
19668.63;Arke;накладка;Накладка CLASSIC на 8 модулей Reflex оранжевый;артикула нет на сайте vimar.ru
19668.64;Arke;накладка;Накладка CLASSIC на 8 модулей Reflex ультрамарин;артикула нет на сайте vimar.ru
19668.65;Arke;накладка;Накладка CLASSIC на 8 модулей Reflex шалфей;артикула нет на сайте vimar.ru
19668.66;Arke;накладка;Накладка CLASSIC на 8 модулей Reflex лед;артикула нет на сайте vimar.ru
19668.67;Arke;накладка;Накладка CLASSIC на 8 модулей Reflex слоновая кость;артикула нет на сайте vimar.ru
19668.75;Arke;накладка;Накладка CLASSIC на 8 модулей красная матовая;артикула нет на сайте vimar.ru
19668.77;Arke;накладка;Накладка CLASSIC на 8 модулей Зелёная матовая;артикула нет на сайте vimar.ru
19668.80;Arke;накладка;Накладка Classic на 8 модулей Metal;артикула нет на сайте vimar.ru
19668.B06;Arke;накладка;Накладка CLASSIC на 8 модулей полярная TOTAL LOOK;артикула нет на сайте vimar.ru
19668.B66;Arke;накладка;Накладка CLASSIC на 8 модулей лед TOTAL LOOK;артикула нет на сайте vimar.ru
19669.01;Arke;накладка;Накладка CLASSIC на 8 модулей (2+2+2+2) расстояние между центрами 71мм графит матовый;артикула нет на сайте vimar.ru
19669.04;Arke;накладка;Накладка CLASSIC на 8 модулей (2+2+2+2) расстояние между центрами 71мм титан матовый;артикула нет на сайте vimar.ru
19669.06;Arke;накладка;Накладка CLASSIC на 8 модулей (2+2+2+2) расстояние между центрами 71мм полярная;артикула нет на сайте vimar.ru
19669.08;Arke;накладка;Накладка CLASSIC на 8 модулей (2+2+2+2) расстояние между центрами 71мм сталь матовая;артикула нет на сайте vimar.ru
19669.12;Arke;накладка;Накладка CLASSIC на 8 модулей (2+2+2+2) расстояние между центрами 71мм латунь зачищенная щеткой;артикула нет на сайте vimar.ru
19669.13;Arke;накладка;Накладка CLASSIC на 8 модулей (2+2+2+2) расстояние между центрами 71мм шампань матовый;артикула нет на сайте vimar.ru
19669.71;Arke;накладка;Накладка CLASSIC на 8 модулей (2+2+2+2) расстояние между центрами 71мм Чёрная;артикула нет на сайте vimar.ru
19669.73;Arke;накладка;Накладка CLASSIC на 8 модулей (2+2+2+2) расстояние между центрами 71мм слоновая кость;артикула нет на сайте vimar.ru
19669.74;Arke;накладка;Накладка CLASSIC на 8 модулей (2+2+2+2) расстояние между центрами 71мм белая;артикула нет на сайте vimar.ru
19669.78;Arke;накладка;Накладка CLASSIC на 8 модулей (2+2+2+2) расстояние между центрами 71мм золото матовое;артикула нет на сайте vimar.ru
19669.79;Arke;накладка;Накладка CLASSIC на 8 модулей (2+2+2+2) расстояние между центрами 71мм серебро матовое;артикула нет на сайте vimar.ru
19669.80;Arke;накладка;Накладка CLASSIC на 8 модулей (2+2+2+2) расстояние между центрами 71мм  Metal;артикула нет на сайте vimar.ru
19669.AB.71;Arke;накладка;Накладка Classic 8 мод. (2+2++2+2) внутр. 71, с антибактериальным покрытием, Чёрная;артикула нет на сайте vimar.ru
19669.AB.74;Arke;накладка;Накладка Classic 8 мод. (2+2+2+2) внутр. 71, с антибактериальным покрытием, белая;артикула нет на сайте vimar.ru
19671.11;Arke;накладка;Накладка Round на 1 модуль медь зачищенная щеткой;артикула нет на сайте vimar.ru
19671.12;Arke;накладка;Накладка Round на 1 модуль латунь зачищенная щеткой;артикула нет на сайте vimar.ru
19671.13;Arke;накладка;Накладка Round на 1 модуль шампань матовый;артикула нет на сайте vimar.ru
19671.21;Arke;накладка;Накладка ROUND на 1 модуль графит матовый;артикула нет на сайте vimar.ru
19671.22;Arke;накладка;Накладка ROUND на 1 модуль ардезия;артикула нет на сайте vimar.ru
19671.23;Arke;накладка;Накладка ROUND на 1 модуль серебро матовое;артикула нет на сайте vimar.ru
19671.24;Arke;накладка;Накладка ROUND на 1 модуль бронза матовая;артикула нет на сайте vimar.ru
19671.25;Arke;накладка;Накладка ROUND на 1 модуль жемчужная матовая;артикула нет на сайте vimar.ru
19671.26;Arke;накладка;Накладка ROUND на 1 модуль полярный матовый;артикула нет на сайте vimar.ru
19671.27;Arke;накладка;Накладка ROUND на 1 модуль золото;артикула нет на сайте vimar.ru
19671.28;Arke;накладка;Накладка ROUND на 1 модуль хром;артикула нет на сайте vimar.ru
19671.29;Arke;накладка;Накладка ROUND на 1 модуль никель темный;артикула нет на сайте vimar.ru
19671.30;Arke;накладка;Накладка ROUND на 1 модуль никель матовый;артикула нет на сайте vimar.ru
19671.51;Arke;накладка;Накладка ROUND на 1 модуль орех;артикула нет на сайте vimar.ru
19671.52;Arke;накладка;Накладка ROUND на 1 модуль вишня;артикула нет на сайте vimar.ru
19671.53;Arke;накладка;Накладка ROUND на 1 модуль клён;артикула нет на сайте vimar.ru
19671.61;Arke;накладка;Накладка ROUND на 1 модуль Reflex серый дым;артикула нет на сайте vimar.ru
19671.62;Arke;накладка;Накладка ROUND на 1 модуль Reflex карамель;артикула нет на сайте vimar.ru
19671.63;Arke;накладка;Накладка ROUND на 1 модуль Reflex оранжевая;артикула нет на сайте vimar.ru
19671.64;Arke;накладка;Накладка ROUND на 1 модуль Reflex ультрамарин;артикула нет на сайте vimar.ru
19671.65;Arke;накладка;Накладка ROUND на 1 модуль Reflex шалфейная;артикула нет на сайте vimar.ru
19671.66;Arke;накладка;Накладка ROUND на 1 модуль Reflex ледяная;артикула нет на сайте vimar.ru
19671.67;Arke;накладка;Накладка ROUND на 1 модуль Reflex слоновая кость;артикула нет на сайте vimar.ru
19671.80;Arke;накладка;Накладка Round на 1 модуль Metal;артикула нет на сайте vimar.ru
19671.81;Arke;накладка;Накладка ROUND на 1 модуль Чёрная;артикула нет на сайте vimar.ru
19671.82;Arke;накладка;Накладка ROUND на 1 модуль серая;артикула нет на сайте vimar.ru
19671.83;Arke;накладка;Накладка ROUND на 1 модуль слоновая кость;артикула нет на сайте vimar.ru
19671.84;Arke;накладка;Накладка ROUND на 1 модуль белая;артикула нет на сайте vimar.ru
19671.85;Arke;накладка;Накладка ROUND на 1 модуль красная;артикула нет на сайте vimar.ru
19671.86;Arke;накладка;Накладка ROUND на 1 модуль синяя;артикула нет на сайте vimar.ru
19671.87;Arke;накладка;Накладка ROUND на 1 модуль Зелёная;артикула нет на сайте vimar.ru
19671.88;Arke;накладка;Накладка ROUND на 1 модуль золото античное;артикула нет на сайте vimar.ru
19671.89;Arke;накладка;Накладка ROUND на 1 модуль серебро;артикула нет на сайте vimar.ru
19671.B26;Arke;накладка;Накладка ROUND на 1 модуль полярная TOTAL LOOK;артикула нет на сайте vimar.ru
19671.B66;Arke;накладка;Накладка ROUND на 1 модуль лед TOTAL LOOK;артикула нет на сайте vimar.ru
19672.11;Arke;накладка;Накладка Round на 2 модуля медь зачищенная щеткой;артикула нет на сайте vimar.ru
19672.12;Arke;накладка;Накладка Round на 2 модуля латунь зачищенная щеткой;артикула нет на сайте vimar.ru
19672.13;Arke;накладка;Накладка Round на 2 модуля шампань матовый;артикула нет на сайте vimar.ru
19672.21;Arke;накладка;Накладка ROUND на 2 модуля графит матовый;артикула нет на сайте vimar.ru
19672.22;Arke;накладка;Накладка ROUND на 2 модуля ардезия;артикула нет на сайте vimar.ru
19672.23;Arke;накладка;Накладка ROUND на 2 модуля серебро матовое;артикула нет на сайте vimar.ru
19672.24;Arke;накладка;Накладка ROUND на 2 модуля бронза матовая;артикула нет на сайте vimar.ru
19672.25;Arke;накладка;Накладка ROUND на 2 модуля жемчужная матовая;артикула нет на сайте vimar.ru
19672.26;Arke;накладка;Накладка ROUND на 2 модуля полярный матовый;артикула нет на сайте vimar.ru
19672.27;Arke;накладка;Накладка ROUND на 2 модуля золото;артикула нет на сайте vimar.ru
19672.28;Arke;накладка;Накладка ROUND на 2 модуля хром;артикула нет на сайте vimar.ru
19672.29;Arke;накладка;Накладка ROUND на 2 модуля никель темный;артикула нет на сайте vimar.ru
19672.30;Arke;накладка;Накладка ROUND на 2 модуля никель матовый;артикула нет на сайте vimar.ru
19672.51;Arke;накладка;Накладка ROUND на 2 модуля орех;артикула нет на сайте vimar.ru
19672.52;Arke;накладка;Накладка ROUND на 2 модуля вишня;артикула нет на сайте vimar.ru
19672.53;Arke;накладка;Накладка ROUND на 2 модуля клен;артикула нет на сайте vimar.ru
19672.61;Arke;накладка;Накладка ROUND на 2 модуля Reflex серый дым;артикула нет на сайте vimar.ru
19672.62;Arke;накладка;Накладка ROUND на 2 модуля Reflex карамель;артикула нет на сайте vimar.ru
19672.63;Arke;накладка;Накладка ROUND на 2 модуля Reflex оранжевая;артикула нет на сайте vimar.ru
19672.64;Arke;накладка;Накладка ROUND на 2 модуля Reflex ультрамарин;артикула нет на сайте vimar.ru
19672.65;Arke;накладка;Накладка ROUND на 2 модуля Reflex шалфейная;артикула нет на сайте vimar.ru
19672.66;Arke;накладка;Накладка ROUND на 2 модуля Reflex ледяная;артикула нет на сайте vimar.ru
19672.67;Arke;накладка;Накладка ROUND на 2 модуля Reflex слоновая кость;артикула нет на сайте vimar.ru
19672.80;Arke;накладка;Накладка Round на 2 модуля Metal;артикула нет на сайте vimar.ru
19672.81;Arke;накладка;Накладка ROUND на 2 модуля Чёрная;артикула нет на сайте vimar.ru
19672.82;Arke;накладка;Накладка ROUND на 2 модуля серая;артикула нет на сайте vimar.ru
19672.83;Arke;накладка;Накладка ROUND на 2 модуля слоновая кость;артикула нет на сайте vimar.ru
19672.84;Arke;накладка;Накладка ROUND на 2 модуля белая;артикула нет на сайте vimar.ru
19672.85;Arke;накладка;Накладка ROUND на 2 модуля красная;артикула нет на сайте vimar.ru
19672.86;Arke;накладка;Накладка ROUND на 2 модуля синяя;артикула нет на сайте vimar.ru
19672.87;Arke;накладка;Накладка ROUND на 2 модуля Зелёная;артикула нет на сайте vimar.ru
19672.88;Arke;накладка;Накладка ROUND на 2 модуля золото античное;артикула нет на сайте vimar.ru
19672.89;Arke;накладка;Накладка ROUND на 2 модуля серебро;артикула нет на сайте vimar.ru
19672.AB.81;Arke;накладка;Накладка Round 2 мод., с антибактериальным покрытием, Чёрная;артикула нет на сайте vimar.ru
19672.AB.84;Arke;накладка;Накладка Round 2 мод., с антибактериальным покрытием, белая;артикула нет на сайте vimar.ru
19672.B26;Arke;накладка;Накладка ROUND на 2 модуля полярная TOTAL LOOK;артикула нет на сайте vimar.ru
19672.B66;Arke;накладка;Накладка ROUND на 2 модуля  лед TOTAL LOOK;артикула нет на сайте vimar.ru
19682.11;Arke;накладка;Накладка Round на 2 модуля центрально медь зачищенная щеткой;артикула нет на сайте vimar.ru
19682.12;Arke;накладка;Накладка Round на 2 модуля центрально латунь зачищенная щеткой;артикула нет на сайте vimar.ru
19682.13;Arke;накладка;Накладка Round на 2 модуля центрально шампань матовый;артикула нет на сайте vimar.ru
19682.21;Arke;накладка;Накладка ROUND на 2 модуля центрально графит матовый;артикула нет на сайте vimar.ru
19682.22;Arke;накладка;Накладка ROUND на 2 модуля центрально ардезия;артикула нет на сайте vimar.ru
19682.23;Arke;накладка;Накладка ROUND на 2 модуля центрально серебро матовое;артикула нет на сайте vimar.ru
19682.24;Arke;накладка;Накладка ROUND на 2 модуля центрально бронза матовая;артикула нет на сайте vimar.ru
19682.25;Arke;накладка;Накладка ROUND на 2 модуля центрально жемчужная матовая;артикула нет на сайте vimar.ru
19682.26;Arke;накладка;Накладка ROUND на 2 модуля центрально полярный матовый;артикула нет на сайте vimar.ru
19682.27;Arke;накладка;Накладка ROUND на 2 модуля центрально золото;артикула нет на сайте vimar.ru
19682.28;Arke;накладка;Накладка ROUND на 2 модуля центрально хром;артикула нет на сайте vimar.ru
19682.29;Arke;накладка;Накладка ROUND на 2 модуля центрально никель темный;артикула нет на сайте vimar.ru
19682.30;Arke;накладка;Накладка ROUND на 2 модуля центрально никель матовый;артикула нет на сайте vimar.ru
19682.51;Arke;накладка;Накладка ROUND на 2 модуля центрально орех;артикула нет на сайте vimar.ru
19682.52;Arke;накладка;Накладка ROUND на 2 модуля центрально вишня;артикула нет на сайте vimar.ru
19682.53;Arke;накладка;Накладка ROUND на 2 модуля центрально клен;артикула нет на сайте vimar.ru
19682.61;Arke;накладка;Накладка ROUND на 2 модуля центрально Reflex серый дым;артикула нет на сайте vimar.ru
19682.62;Arke;накладка;Накладка ROUND на 2 модуля центрально Reflex карамель;артикула нет на сайте vimar.ru
19682.63;Arke;накладка;Накладка ROUND на 2 модуля центрально Reflex оранжевая;артикула нет на сайте vimar.ru
19682.64;Arke;накладка;Накладка ROUND на 2 модуля центрально Reflex ультрамарин;артикула нет на сайте vimar.ru
19682.65;Arke;накладка;Накладка ROUND на 2 модуля центрально Reflex шалфейная;артикула нет на сайте vimar.ru
19682.66;Arke;накладка;Накладка ROUND на 2 модуля центрально Reflex ледяная;артикула нет на сайте vimar.ru
19682.67;Arke;накладка;Накладка ROUND на 2 центральных модуля Reflex слоновая кость;артикула нет на сайте vimar.ru
19682.80;Arke;накладка;Накладка Round на 2 модуля Metal;артикула нет на сайте vimar.ru
19682.81;Arke;накладка;Накладка ROUND на 2 модуля центрально Чёрная;артикула нет на сайте vimar.ru
19682.82;Arke;накладка;Накладка ROUND на 2 модуля центрально серая;артикула нет на сайте vimar.ru
19682.83;Arke;накладка;Накладка ROUND на 2 модуля центрально слоновая кость;артикула нет на сайте vimar.ru
19682.84;Arke;накладка;Накладка ROUND на 2 модуля центрально белая;артикула нет на сайте vimar.ru
19682.85;Arke;накладка;Накладка ROUND на 2 модуля центрально красная;артикула нет на сайте vimar.ru
19682.86;Arke;накладка;Накладка ROUND на 2 модуля центрально синяя;артикула нет на сайте vimar.ru
19682.87;Arke;накладка;Накладка ROUND на 2 модуля центрально Зелёная;артикула нет на сайте vimar.ru
19682.88;Arke;накладка;Накладка ROUND на 2 модуля центрально золото античное;артикула нет на сайте vimar.ru
19682.89;Arke;накладка;Накладка ROUND на 2 модуля центрально серебро;артикула нет на сайте vimar.ru
19682.B26;Arke;накладка;Накладка ROUND на 2 центральных модуля полярная TOTAL LOOK;артикула нет на сайте vimar.ru
19682.B66;Arke;накладка;Накладка ROUND на 2 центральных модуля  лед TOTAL LOOK;артикула нет на сайте vimar.ru
19683.11;Arke;накладка;Накладка Round на 3 модуля медь зачищенная щеткой;артикула нет на сайте vimar.ru
19683.12;Arke;накладка;Накладка Round на 3 модуля латунь зачищенная щеткой;артикула нет на сайте vimar.ru
19683.13;Arke;накладка;Накладка Round на 3 модуля шампань матовый;артикула нет на сайте vimar.ru
19683.21;Arke;накладка;Накладка ROUND на 3 модуля графит матовый;артикула нет на сайте vimar.ru
19683.22;Arke;накладка;Накладка ROUND на 3 модуля ардезия;артикула нет на сайте vimar.ru
19683.23;Arke;накладка;Накладка ROUND на 3 модуля серебро матовое;артикула нет на сайте vimar.ru
19683.24;Arke;накладка;Накладка ROUND на 3 модуля бронза матовая;артикула нет на сайте vimar.ru
19683.25;Arke;накладка;Накладка ROUND на 3 модуля жемчужная матовая;артикула нет на сайте vimar.ru
19683.26;Arke;накладка;Накладка ROUND на 3 модуля полярный матовый;артикула нет на сайте vimar.ru
19683.27;Arke;накладка;Накладка ROUND на 3 модуля золото;артикула нет на сайте vimar.ru
19683.28;Arke;накладка;Накладка ROUND на 3 модуля хром;артикула нет на сайте vimar.ru
19683.29;Arke;накладка;Накладка ROUND на 3 модуля никель темный;артикула нет на сайте vimar.ru
19683.30;Arke;накладка;Накладка ROUND на 3 модуля никель матовый;артикула нет на сайте vimar.ru
19683.51;Arke;накладка;Накладка ROUND на 3 модуля орех;артикула нет на сайте vimar.ru
19683.52;Arke;накладка;Накладка ROUND на 3 модуля вишня;артикула нет на сайте vimar.ru
19683.53;Arke;накладка;Накладка ROUND на 3 модуля клен;артикула нет на сайте vimar.ru
19683.61;Arke;накладка;Накладка ROUND на 3 модуля Reflex серый дым;артикула нет на сайте vimar.ru
19683.62;Arke;накладка;Накладка ROUND на 3 модуля Reflex карамель;артикула нет на сайте vimar.ru
19683.63;Arke;накладка;Накладка ROUND на 3 модуля Reflex оранжевая;артикула нет на сайте vimar.ru
19683.64;Arke;накладка;Накладка ROUND на 3 модуля Reflex ультрамарин;артикула нет на сайте vimar.ru
19683.65;Arke;накладка;Накладка ROUND на 3 модуля Reflex шалфейная;артикула нет на сайте vimar.ru
19683.66;Arke;накладка;Накладка ROUND на 3 модуля Reflex ледяная;артикула нет на сайте vimar.ru
19683.67;Arke;накладка;Накладка ROUND на 3 модуля Reflex слоновая кость;артикула нет на сайте vimar.ru
19683.80;Arke;накладка;Накладка Round на 3 модуля Metal;артикула нет на сайте vimar.ru
19683.81;Arke;накладка;Накладка ROUND на 3 модуля Чёрная;артикула нет на сайте vimar.ru
19683.82;Arke;накладка;Накладка ROUND на 3 модуля серая;артикула нет на сайте vimar.ru
19683.83;Arke;накладка;Накладка ROUND на 3 модуля слоновая кость;артикула нет на сайте vimar.ru
19683.84;Arke;накладка;Накладка ROUND на 3 модуля белая;артикула нет на сайте vimar.ru
19683.85;Arke;накладка;Накладка ROUND на 3 модуля красная;артикула нет на сайте vimar.ru
19683.86;Arke;накладка;Накладка ROUND на 3 модуля синяя;артикула нет на сайте vimar.ru
19683.87;Arke;накладка;Накладка ROUND на 3 модуля Зелёная;артикула нет на сайте vimar.ru
19683.88;Arke;накладка;Накладка ROUND на 3 модуля золото античное;артикула нет на сайте vimar.ru
19683.89;Arke;накладка;Накладка ROUND на 3 модуля серебро;артикула нет на сайте vimar.ru
19683.AB.81;Arke;накладка;Накладка Round 3 мод., с антибактериальным покрытием, Чёрная;артикула нет на сайте vimar.ru
19683.AB.84;Arke;накладка;Накладка Round 3 мод., с антибактериальным покрытием, белая;артикула нет на сайте vimar.ru
19683.B26;Arke;накладка;Накладка ROUND на 3 модуля полярная TOTAL LOOK;артикула нет на сайте vimar.ru
19683.B66;Arke;накладка;Накладка ROUND на 3 модуля  лед TOTAL LOOK;артикула нет на сайте vimar.ru
19684.11;Arke;накладка;Накладка Round на 4 модуля медь зачищенная щеткой;артикула нет на сайте vimar.ru
19684.12;Arke;накладка;Накладка Round на 4 модуля латунь зачищенная щеткой;артикула нет на сайте vimar.ru
19684.13;Arke;накладка;Накладка Round на 4 модуля шампань матовый;артикула нет на сайте vimar.ru
19684.21;Arke;накладка;Накладка ROUND на 4 модуля графит матовый;артикула нет на сайте vimar.ru
19684.22;Arke;накладка;Накладка ROUND на 4 модуля ардезия;артикула нет на сайте vimar.ru
19684.23;Arke;накладка;Накладка ROUND на 4 модуля серебро матовое;артикула нет на сайте vimar.ru
19684.24;Arke;накладка;Накладка ROUND на 4 модуля бронза матовая;артикула нет на сайте vimar.ru
19684.25;Arke;накладка;Накладка ROUND на 4 модуля жемчужная матовая;артикула нет на сайте vimar.ru
19684.26;Arke;накладка;Накладка ROUND на 4 модуля полярный матовый;артикула нет на сайте vimar.ru
19684.27;Arke;накладка;Накладка ROUND на 4 модуля золото;артикула нет на сайте vimar.ru
19684.28;Arke;накладка;Накладка ROUND на 4 модуля хром;артикула нет на сайте vimar.ru
19684.29;Arke;накладка;Накладка ROUND на 4 модуля никель темный;артикула нет на сайте vimar.ru
19684.30;Arke;накладка;Накладка ROUND на 4 модуля никель матовый;артикула нет на сайте vimar.ru
19684.51;Arke;накладка;Накладка ROUND на 4 модуля орех;артикула нет на сайте vimar.ru
19684.52;Arke;накладка;Накладка ROUND на 4 модуля вишня;артикула нет на сайте vimar.ru
19684.53;Arke;накладка;Накладка ROUND на 4 модуля клен;артикула нет на сайте vimar.ru
19684.61;Arke;накладка;Накладка ROUND на 4 модуля Reflex серый дым;артикула нет на сайте vimar.ru
19684.62;Arke;накладка;Накладка ROUND на 4 модуля Reflex карамель;артикула нет на сайте vimar.ru
19684.63;Arke;накладка;Накладка ROUND на 4 модуля Reflex оранжевая;артикула нет на сайте vimar.ru
19684.64;Arke;накладка;Накладка ROUND на 4 модуля Reflex ультрамарин;артикула нет на сайте vimar.ru
19684.65;Arke;накладка;Накладка ROUND на 4 модуля Reflex шалфейная;артикула нет на сайте vimar.ru
19684.66;Arke;накладка;Накладка ROUND на 4 модуля Reflex ледяная;артикула нет на сайте vimar.ru
19684.67;Arke;накладка;Накладка ROUND на 4 модуля Reflex слоновая кость;артикула нет на сайте vimar.ru
19684.80;Arke;накладка;Накладка Round на 4 модуля Metal;артикула нет на сайте vimar.ru
19684.81;Arke;накладка;Накладка ROUND на 4 модуля Чёрная;артикула нет на сайте vimar.ru
19684.82;Arke;накладка;Накладка ROUND на 4 модуля серая;артикула нет на сайте vimar.ru
19684.83;Arke;накладка;Накладка ROUND на 4 модуля слоновая кость;артикула нет на сайте vimar.ru
19684.84;Arke;накладка;Накладка ROUND на 4 модуля белая;артикула нет на сайте vimar.ru
19684.85;Arke;накладка;Накладка ROUND на 4 модуля красная;артикула нет на сайте vimar.ru
19684.86;Arke;накладка;Накладка ROUND на 4 модуля синяя;артикула нет на сайте vimar.ru
19684.87;Arke;накладка;Накладка ROUND на 4 модуля Зелёная;артикула нет на сайте vimar.ru
19684.88;Arke;накладка;Накладка ROUND на 4 модуля золото античное;артикула нет на сайте vimar.ru
19684.89;Arke;накладка;Накладка ROUND на 4 модуля серебро;артикула нет на сайте vimar.ru
19684.AB.81;Arke;накладка;Накладка Round 4 мод., с антибактериальным покрытием, Чёрная;артикула нет на сайте vimar.ru
19684.AB.84;Arke;накладка;Накладка Round 4 мод., с антибактериальным покрытием, белая;артикула нет на сайте vimar.ru
19684.B26;Arke;накладка;Накладка ROUND на 4 модуля полярная TOTAL LOOK;артикула нет на сайте vimar.ru
19684.B66;Arke;накладка;Накладка ROUND на 4 модуля  лед TOTAL LOOK;артикула нет на сайте vimar.ru
19687.11;Arke;накладка;Накладка Round на 7 модулей медь зачищенная щеткой;артикула нет на сайте vimar.ru
19687.12;Arke;накладка;Накладка Round на 7 модулей латунь зачищенная щеткой;артикула нет на сайте vimar.ru
19687.13;Arke;накладка;Накладка Round на 7 модулей шампань матовый;артикула нет на сайте vimar.ru
19687.21;Arke;накладка;Накладка ROUND на 7 модулей графит матовый;артикула нет на сайте vimar.ru
19687.22;Arke;накладка;Накладка ROUND на 7 модулей ардезия;артикула нет на сайте vimar.ru
19687.23;Arke;накладка;Накладка ROUND на 7 модулей серебро матовое;артикула нет на сайте vimar.ru
19687.24;Arke;накладка;Накладка ROUND на 7 модулей бронза матовая;артикула нет на сайте vimar.ru
19687.25;Arke;накладка;Накладка ROUND на 7 модулей жемчужная матовая;артикула нет на сайте vimar.ru
19687.26;Arke;накладка;Накладка ROUND на 7 модулей полярный матовый;артикула нет на сайте vimar.ru
19687.27;Arke;накладка;Накладка ROUND на 7 модулей золото;артикула нет на сайте vimar.ru
19687.28;Arke;накладка;Накладка ROUND на 7 модулей хром;артикула нет на сайте vimar.ru
19687.29;Arke;накладка;Накладка ROUND на 7 модулей никель темный;артикула нет на сайте vimar.ru
19687.30;Arke;накладка;Накладка ROUND на 7 модулей никель матовый;артикула нет на сайте vimar.ru
19687.51;Arke;накладка;Накладка ROUND на 7 модулей орех;артикула нет на сайте vimar.ru
19687.52;Arke;накладка;Накладка ROUND на 7 модулей вишня;артикула нет на сайте vimar.ru
19687.53;Arke;накладка;Накладка ROUND на 7 модулей клен;артикула нет на сайте vimar.ru
19687.61;Arke;накладка;Накладка ROUND на 7 модулей Reflex серый дым;артикула нет на сайте vimar.ru
19687.62;Arke;накладка;Накладка ROUND на 7 модулей Reflex карамель;артикула нет на сайте vimar.ru
19687.63;Arke;накладка;Накладка ROUND на 7 модулей Reflex оранжевая;артикула нет на сайте vimar.ru
19687.64;Arke;накладка;Накладка ROUND на 7 модулей Reflex ультрамарин;артикула нет на сайте vimar.ru
19687.65;Arke;накладка;Накладка ROUND на 7 модулей Reflex шалфейная;артикула нет на сайте vimar.ru
19687.66;Arke;накладка;Накладка ROUND на 7 модулей Reflex ледяная;артикула нет на сайте vimar.ru
19687.67;Arke;накладка;Накладка ROUND на 7 модулей Reflex слоновая кость;артикула нет на сайте vimar.ru
19687.80;Arke;накладка;Накладка Round на 7 модулей Metal;артикула нет на сайте vimar.ru
19687.81;Arke;накладка;Накладка ROUND на 7 модулей Чёрная;артикула нет на сайте vimar.ru
19687.82;Arke;накладка;Накладка ROUND на 7 модулей серая;артикула нет на сайте vimar.ru
19687.83;Arke;накладка;Накладка ROUND на 7 модулей слоновая кость;артикула нет на сайте vimar.ru
19687.84;Arke;накладка;Накладка ROUND на 7 модулей белая;артикула нет на сайте vimar.ru
19687.85;Arke;накладка;Накладка ROUND на 7 модулей красная;артикула нет на сайте vimar.ru
19687.86;Arke;накладка;Накладка ROUND на 7 модулей синяя;артикула нет на сайте vimar.ru
19687.87;Arke;накладка;Накладка ROUND на 7 модулей Зелёная;артикула нет на сайте vimar.ru
19687.88;Arke;накладка;Накладка ROUND на 7 модулей золото античное;артикула нет на сайте vimar.ru
19687.89;Arke;накладка;Накладка ROUND на 7 модулей серебро;артикула нет на сайте vimar.ru
19687.AB.81;Arke;накладка;Накладка Round 7 мод., с антибактериальным покрытием, Чёрная;артикула нет на сайте vimar.ru
19687.AB.84;Arke;накладка;Накладка Round 7 мод., с антибактериальным покрытием, белая;артикула нет на сайте vimar.ru
19687.B26;Arke;накладка;Накладка ROUND на 7 модулей полярная TOTAL LOOK;артикула нет на сайте vimar.ru
19687.B66;Arke;накладка;Накладка ROUND на 7 модулей  лед TOTAL LOOK;артикула нет на сайте vimar.ru
19698.11;Arke;накладка;Накладка ROUND на 8 модулей медь зачищенная щеткой;артикула нет на сайте vimar.ru
19698.12;Arke;накладка;Накладка ROUND на 8 модулей латунь зачищенная щеткой;артикула нет на сайте vimar.ru
19698.13;Arke;накладка;Накладка ROUND на 8 модулей шампань матовый;артикула нет на сайте vimar.ru
19698.21;Arke;накладка;Накладка ROUND на 8 модулей графит матовый;артикула нет на сайте vimar.ru
19698.22;Arke;накладка;Накладка ROUND на 8 модулей ардезия;артикула нет на сайте vimar.ru
19698.23;Arke;накладка;Накладка ROUND на 8 модулей серебро матовое;артикула нет на сайте vimar.ru
19698.24;Arke;накладка;Накладка ROUND на 8 модулей бронза матовая;артикула нет на сайте vimar.ru
19698.25;Arke;накладка;Накладка ROUND на 8 модулей жемчужная матовая;артикула нет на сайте vimar.ru
19698.26;Arke;накладка;Накладка ROUND на 8 модулей полярный матовый;артикула нет на сайте vimar.ru
19698.27;Arke;накладка;Накладка ROUND на 8 модулей золото;артикула нет на сайте vimar.ru
19698.28;Arke;накладка;Накладка ROUND на 8 модулей хром;артикула нет на сайте vimar.ru
19698.29;Arke;накладка;Накладка ROUND на 8 модулей никель темный;артикула нет на сайте vimar.ru
19698.30;Arke;накладка;Накладка ROUND на 8 модулей никель матовый;артикула нет на сайте vimar.ru
19698.51;Arke;накладка;Накладка ROUND на 8 модулей орех;артикула нет на сайте vimar.ru
19698.52;Arke;накладка;Накладка ROUND на 8 модулей вишня;артикула нет на сайте vimar.ru
19698.53;Arke;накладка;Накладка ROUND на 8 модулей клен;артикула нет на сайте vimar.ru
19698.61;Arke;накладка;Накладка ROUND на 8 модулей Reflex серый дым;артикула нет на сайте vimar.ru
19698.62;Arke;накладка;Накладка ROUND на 8 модулей Reflex карамель;артикула нет на сайте vimar.ru
19698.63;Arke;накладка;Накладка ROUND на 8 модулей Reflex оранжевая;артикула нет на сайте vimar.ru
19698.64;Arke;накладка;Накладка ROUND на 8 модулей Reflex ультрамарин;артикула нет на сайте vimar.ru
19698.65;Arke;накладка;Накладка ROUND на 8 модулей Reflex шалфейная;артикула нет на сайте vimar.ru
19698.66;Arke;накладка;Накладка ROUND на 8 модулей Reflex ледяная;артикула нет на сайте vimar.ru
19698.67;Arke;накладка;Накладка ROUND на 8 модулей Reflex слоновая кость;артикула нет на сайте vimar.ru
19698.80;Arke;накладка;Накладка Round на 8 модулей Metal;артикула нет на сайте vimar.ru
19698.81;Arke;накладка;Накладка ROUND на 8 модулей Чёрная;артикула нет на сайте vimar.ru
19698.82;Arke;накладка;Накладка ROUND на 8 модулей серая;артикула нет на сайте vimar.ru
19698.83;Arke;накладка;Накладка ROUND на 8 модулей слоновая кость;артикула нет на сайте vimar.ru
19698.84;Arke;накладка;Накладка ROUND на 8 модулей белая;артикула нет на сайте vimar.ru
19698.85;Arke;накладка;Накладка ROUND на 8 модулей красная;артикула нет на сайте vimar.ru
19698.86;Arke;накладка;Накладка ROUND на 8 модулей синяя;артикула нет на сайте vimar.ru
19698.87;Arke;накладка;Накладка ROUND на 8 модулей Зелёная;артикула нет на сайте vimar.ru
19698.88;Arke;накладка;Накладка ROUND на 8 модулей золото античное;артикула нет на сайте vimar.ru
19698.89;Arke;накладка;Накладка ROUND на 8 модулей серебро;артикула нет на сайте vimar.ru
19698.B26;Arke;накладка;Накладка ROUND на 8 модулей полярная TOTAL LOOK;артикула нет на сайте vimar.ru
19698.B66;Arke;накладка;Накладка ROUND на 8 модулей  лед TOTAL LOOK;артикула нет на сайте vimar.ru
19953.01;Arke Fit;накладка;Накладка fit на 3 модуля графит матовый;артикула нет на сайте vimar.ru
19953.02;Arke Fit;накладка;Накладка fit на 3 модуля сланец матовый;артикула нет на сайте vimar.ru
19953.03;Arke Fit;накладка;Накладка fit на 3  модуля серебристый;артикула нет на сайте vimar.ru
19953.08;Arke Fit;накладка;Накладка fit на 3 модуля сталь брашированная;артикула нет на сайте vimar.ru
19953.12;Arke Fit;накладка;Накладка fit на 3 модуля латунь брашированная;артикула нет на сайте vimar.ru
19953.14;Arke Fit;накладка;Накладка fit на 3 модуля Metal;артикула нет на сайте vimar.ru
19953.24;Arke Fit;накладка;Накладка fit на 3 модуля бронза матовая;артикула нет на сайте vimar.ru
19953.26;Arke Fit;накладка;Накладка fit на 3 модуля белый polar матовый;артикула нет на сайте vimar.ru
19953.31;Arke Fit;накладка;Накладка fit на 3 модуля пески липари;артикула нет на сайте vimar.ru
19953.32;Arke Fit;накладка;Накладка fit на 3 модуля серая горлица;артикула нет на сайте vimar.ru
19953.33;Arke Fit;накладка;Накладка fit на 3 модуля почва сиены;артикула нет на сайте vimar.ru
19954.01;Arke Fit;накладка;Накладка fit на 4 модуля графит матовый;артикула нет на сайте vimar.ru
19954.02;Arke Fit;накладка;Накладка fit на 4 модуля сланец матовый;артикула нет на сайте vimar.ru
19954.03;Arke Fit;накладка;Накладка fit на 4 модуля серебристый;артикула нет на сайте vimar.ru
19954.08;Arke Fit;накладка;Накладка fit на 4 модуля сталь брашированная;артикула нет на сайте vimar.ru
19954.12;Arke Fit;накладка;Накладка fit на 4 модуля латунь брашированная;артикула нет на сайте vimar.ru
19954.14;Arke Fit;накладка;Накладка fit на 4 модуля Metal;артикула нет на сайте vimar.ru
19954.24;Arke Fit;накладка;Накладка fit на 4 модуля бронза матовая;артикула нет на сайте vimar.ru
19954.26;Arke Fit;накладка;Накладка fit на 4 модуля белый polar матовый;артикула нет на сайте vimar.ru
19954.31;Arke Fit;накладка;Накладка fit на 4 модуля пески липари;артикула нет на сайте vimar.ru
19954.32;Arke Fit;накладка;Накладка fit на 4 модуля серая горлица;артикула нет на сайте vimar.ru
19954.33;Arke Fit;накладка;Накладка fit на 4 модуля почва сиены;артикула нет на сайте vimar.ru
19957.01;Arke Fit;накладка;Накладка fit на 7 модулей графит матовый;артикула нет на сайте vimar.ru
19957.02;Arke Fit;накладка;Накладка fit на 7 модулей сланец матовый;артикула нет на сайте vimar.ru
19957.03;Arke Fit;накладка;Накладка fit на 7 модулей серебристый;артикула нет на сайте vimar.ru
19957.08;Arke Fit;накладка;Накладка fit на 7 модулей сталь брашированная;артикула нет на сайте vimar.ru
19957.12;Arke Fit;накладка;Накладка fit на 7 модулей латунь брашированная;артикула нет на сайте vimar.ru
19957.14;Arke Fit;накладка;Накладка fit на 7 модулей Metal;артикула нет на сайте vimar.ru
19957.24;Arke Fit;накладка;Накладка fit на 7 модулей бронза матовая;артикула нет на сайте vimar.ru
19957.26;Arke Fit;накладка;Накладка fit на 7 модулей белый polar матовый;артикула нет на сайте vimar.ru
19957.31;Arke Fit;накладка;Накладка fit на 7 модулей пески липари;артикула нет на сайте vimar.ru
19957.32;Arke Fit;накладка;Накладка fit на 7 модулей серая горлица;артикула нет на сайте vimar.ru
19957.33;Arke Fit;накладка;Накладка fit на 7 модулей почва сиены;артикула нет на сайте vimar.ru
21642.07.01;Eikon Evo;накладка;Накладка Eikon Evo на 2 модуля, серебро;артикула нет на сайте vimar.ru
21642.G09;Eikon Evo;накладка;Накладка EIKON EVO для 2 модулей, золото полированное;артикула нет на сайте vimar.ru
21642.G10;Eikon Evo;накладка;Накладка EIKON EVO для 2 модулей, золото сатированное;артикула нет на сайте vimar.ru
21643.07.01;Eikon Evo;накладка;Накладка Eikon Evo на 4 модуля (2+2) расстояние между центрами 71мм, серебро;артикула нет на сайте vimar.ru
21643.G09;Eikon Evo;накладка;Накладка EIKON EVO для 4 модулей (2+2) расстояние между центрами 71мм, золото полированное;артикула нет на сайте vimar.ru
21643.G10;Eikon Evo;накладка;Накладка EIKON EVO для 4 модулей (2+2) расстояние между центрами 71мм, золото сатированное;артикула нет на сайте vimar.ru
21644.07.01;Eikon Evo;накладка;Накладка Eikon Evo на 6 модулей (2+2+2) расстояние между центрами 71мм, серебро;артикула нет на сайте vimar.ru
21644.G09;Eikon Evo;накладка;Накладка EIKON EVO для 6 модулей (2+2+2) расстояние между центрами 71мм, золото полированное;артикула нет на сайте vimar.ru
21644.G10;Eikon Evo;накладка;Накладка EIKON EVO для 6 модулей (2+2+2) расстояние между центрами 71мм, золото сатированное;артикула нет на сайте vimar.ru
21653.07.01;Eikon Evo;накладка;Накладка Eikon Evo на 3 модуля, серебро;артикула нет на сайте vimar.ru
21653.09;Eikon Evo;накладка;Накладка Eikon Evo на 3 модуля, глянцевое золото;артикула нет на сайте vimar.ru
21653.G09;Eikon Evo;накладка;Накладка EIKON EVO для 3 модулей, золото полированное;артикула нет на сайте vimar.ru
21653.G10;Eikon Evo;накладка;Накладка EIKON EVO для 3 модулей, золото сатинированное;артикула нет на сайте vimar.ru
21654.07.01;Eikon Evo;накладка;Накладка Eikon Evo на 4 модуля, серебро;артикула нет на сайте vimar.ru
21654.09;Eikon Evo;накладка;Накладка Eikon Evo на 4 модуля, глянцевое золото;артикула нет на сайте vimar.ru
21654.G09;Eikon Evo;накладка;Накладка EIKON EVO для 4 модулей, золото полированное;артикула нет на сайте vimar.ru
21654.G10;Eikon Evo;накладка;Накладка EIKON EVO для 4 модулей, золото сатинированное;артикула нет на сайте vimar.ru
21657.07.01;Eikon Evo;накладка;Накладка Eikon Evo на 7 модулей, серебро;артикула нет на сайте vimar.ru
21657.10;Eikon Evo;накладка;Накладка Eikon Evo на 7 модулей, сатинированное золото;артикула нет на сайте vimar.ru
21657.32;Eikon Evo;накладка;Накладка Eikon Evo на 7 модулей, выбеленный дуб;на сайте заглушка «нет фото»
21657.G09;Eikon Evo;накладка;Накладка EIKON EVO для 7 модулей, золото полированное;артикула нет на сайте vimar.ru
21657.G10;Eikon Evo;накладка;Накладка EIKON EVO для 7 модулей, золото сатинированное;артикула нет на сайте vimar.ru
21662.21;Eikon Tactil;накладка;Накладка EIKON TACTIL для 2 модулей, натуральная кожа кремовая ( мин. 20 шт.);артикула нет на сайте vimar.ru
21662.22;Eikon Tactil;накладка;Накладка EIKON TACTIL для 2 модулей, натуральная кожа табак ( мин. 20 шт.);артикула нет на сайте vimar.ru
21662.31;Eikon Tactil;накладка;Накладка EIKON TACTIL для 2 модулей, итальянский орех ( мин. 20 шт.);артикула нет на сайте vimar.ru
21662.32;Eikon Tactil;накладка;Накладка EIKON TACTIL для 2 модулей, белёный дуб ( мин. 20 шт.);артикула нет на сайте vimar.ru
21662.33;Eikon Tactil;накладка;Накладка EIKON TACTIL для 2 модулей, венге ( мин. 20 шт.);артикула нет на сайте vimar.ru
21662.41;Eikon Tactil;накладка;Накладка EIKON TACTIL для 2 модулей, горный лёд ( мин. 20 шт.);артикула нет на сайте vimar.ru
21662.53;Eikon Tactil;накладка;Накладка EIKON TACTIL для 2 модулей, серый кварц ( мин. 20 шт.);артикула нет на сайте vimar.ru
21663.21;Eikon Tactil;накладка;Накладка EIKON TACTIL для 3 модулей, натуральная кожа кремовая ( мин. 20 шт.);артикула нет на сайте vimar.ru
21663.22;Eikon Tactil;накладка;Накладка EIKON TACTIL для 3 модулей, натуральная кожа табак ( мин. 20 шт.);артикула нет на сайте vimar.ru
21663.31;Eikon Tactil;накладка;Накладка EIKON TACTIL для 3 модулей, итальянский орех ( мин. 20 шт.);артикула нет на сайте vimar.ru
21663.32;Eikon Tactil;накладка;Накладка EIKON TACTIL для 3 модулей, белёный дуб ( мин. 20 шт.);артикула нет на сайте vimar.ru
21663.33;Eikon Tactil;накладка;Накладка EIKON TACTIL для 3 модулей, венге ( мин. 20 шт.);артикула нет на сайте vimar.ru
21663.41;Eikon Tactil;накладка;Накладка EIKON TACTIL для 3 модулей, горный лёд ( мин. 20 шт.);артикула нет на сайте vimar.ru
21663.53;Eikon Tactil;накладка;Накладка EIKON TACTIL для 3 модулей, серый кварц ( мин. 20 шт.);артикула нет на сайте vimar.ru
21664.21;Eikon Tactil;накладка;Накладка EIKON TACTIL для 4 модулей, натуральная кожа кремовая ( мин. 20 шт.);артикула нет на сайте vimar.ru
21664.22;Eikon Tactil;накладка;Накладка EIKON TACTIL для 4 модулей, натуральная кожа табак ( мин. 20 шт.);артикула нет на сайте vimar.ru
21664.31;Eikon Tactil;накладка;Накладка EIKON TACTIL для 4 модулей, итальянский орех ( мин. 20 шт.);артикула нет на сайте vimar.ru
21664.32;Eikon Tactil;накладка;Накладка EIKON TACTIL для 4 модулей, белёный дуб ( мин. 20 шт.);артикула нет на сайте vimar.ru
21664.33;Eikon Tactil;накладка;Накладка EIKON TACTIL для 4 модулей, венге ( мин. 20 шт.);артикула нет на сайте vimar.ru
21664.41;Eikon Tactil;накладка;Накладка EIKON TACTIL для 4 модулей, горный лёд ( мин. 20 шт.);артикула нет на сайте vimar.ru
21664.53;Eikon Tactil;накладка;Накладка EIKON TACTIL для 4 модулей, серый кварц ( мин. 20 шт.);артикула нет на сайте vimar.ru
21668.07.01;Eikon Evo;накладка;Накладка Eikon Evo на 8 модулей, серебро;артикула нет на сайте vimar.ru
21668.G09;Eikon Evo;накладка;Накладка EIKON EVO для 8 модулей, золото полированное;артикула нет на сайте vimar.ru
21668.G10;Eikon Evo;накладка;Накладка EIKON EVO для 8 модулей, золото сатинированное;артикула нет на сайте vimar.ru
21669.07.01;Eikon Evo;накладка;Накладка Eikon Evo на 8 модулей (2+2+2+2) расстояние между центрами 71мм, серебро;артикула нет на сайте vimar.ru
21669.G09;Eikon Evo;накладка;Накладка EIKON EVO для 8 модулей (2+2+2+2) расстояние между центрами 71мм, золото полированное;артикула нет на сайте vimar.ru
21669.G10;Eikon Evo;накладка;Накладка EIKON EVO для 8 модулей (2+2+2+2) расстояние между центрами 71мм, золото сатированное;артикула нет на сайте vimar.ru
22642.76;Eikon Exe;накладка;Накладка на 2 модуля, блестящая бронза;артикула нет на сайте vimar.ru
22643.01;Eikon Exe;накладка;Накладка на Eikon Exe на 4 модуля (2+2) расстояние между центрами 71мм, белая матовая;артикула нет на сайте vimar.ru
22643.02;Eikon Exe;накладка;Накладка на Eikon Exe на 4 модуля (2+2) расстояние между центрами 71мм, некст;артикула нет на сайте vimar.ru
22643.03;Eikon Exe;накладка;Накладка на Eikon Exe на 4 модуля (2+2) расстояние между центрами 71мм, антрацит;артикула нет на сайте vimar.ru
22643.11;Eikon Exe;накладка;Накладка на Eikon Exe на 4 модуля (2+2) расстояние между центрами 71мм, никель матовый;артикула нет на сайте vimar.ru
22643.12;Eikon Exe;накладка;Накладка на Eikon Exe на 4 модуля (2+2) расстояние между центрами 71мм, темная бронза;артикула нет на сайте vimar.ru
22643.13;Eikon Exe;накладка;Накладка на Eikon Exe на 4 модуля (2+2) расстояние между центрами 71мм, черная сатинированая;артикула нет на сайте vimar.ru
22643.71;Eikon Exe;накладка;Накладка на Eikon Exe на 4 модуля (2+2) расстояние между центрами 71мм, белый латте;артикула нет на сайте vimar.ru
22643.72;Eikon Exe;накладка;Накладка на Eikon Exe на 4 модуля (2+2) расстояние между центрами 71мм, белая конопля;артикула нет на сайте vimar.ru
22643.73;Eikon Exe;накладка;Накладка на Eikon Exe на 4 модуля (2+2) расстояние между центрами 71мм, черная матовая;артикула нет на сайте vimar.ru
22643.75;Eikon Exe;накладка;Накладка на Eikon Exe на 4 модуля (2+2) расстояние между центрами 71мм, ледяное серебро;артикула нет на сайте vimar.ru
22643.76;Eikon Exe;накладка;Накладка на Eikon Exe на 4 модуля (2+2) расстояние между центрами 71мм, блестящая бронза;артикула нет на сайте vimar.ru
22643.77;Eikon Exe;накладка;Накладка на Eikon Exe на 4 модуля (2+2) расстояние между центрами 71мм, коричневый опал;артикула нет на сайте vimar.ru
22643.81;Eikon Exe;накладка;Накладка на Eikon Exe на 4 модуля (2+2) расстояние между центрами 71мм, никель;артикула нет на сайте vimar.ru
22643.82;Eikon Exe;накладка;Накладка на Eikon Exe на 4 модуля (2+2) расстояние между центрами 71мм, золото;артикула нет на сайте vimar.ru
22643.83;Eikon Exe;накладка;Накладка на Eikon Exe на 4 модуля (2+2) расстояние между центрами 71мм, черный хром;артикула нет на сайте vimar.ru
22643.86;Eikon Exe;накладка;Накладка на Eikon Exe на 4 модуля (2+2) расстояние между центрами 71мм, сатинированная медь;артикула нет на сайте vimar.ru
22643.87;Eikon Exe;накладка;Накладка на Eikon Exe на 4 модуля (2+2) расстояние между центрами 71мм, сатинированная античная бронза;артикула нет на сайте vimar.ru
22643.88;Eikon Exe;накладка;Накладка на Eikon Exe на 4 модуля (2+2) расстояние между центрами 71мм, золото матовое;артикула нет на сайте vimar.ru
22644.01;Eikon Exe;накладка;Накладка на Eikon Exe на 6 модулей (2+2+2) расстояние между центрами 71мм, белая матовая;артикула нет на сайте vimar.ru
22644.02;Eikon Exe;накладка;Накладка на Eikon Exe на 6 модулей (2+2+2) расстояние между центрами 71мм, некст;артикула нет на сайте vimar.ru
22644.03;Eikon Exe;накладка;Накладка на Eikon Exe на 6 модулей (2+2+2) расстояние между центрами 71мм, антрацит;артикула нет на сайте vimar.ru
22644.11;Eikon Exe;накладка;Накладка на Eikon Exe на 6 модулей (2+2+2) расстояние между центрами 71мм, никель матовый;артикула нет на сайте vimar.ru
22644.12;Eikon Exe;накладка;Накладка на Eikon Exe на 6 модулей (2+2+2) расстояние между центрами 71мм, темная бронза;артикула нет на сайте vimar.ru
22644.13;Eikon Exe;накладка;Накладка на Eikon Exe на 6 модулей (2+2+2) расстояние между центрами 71мм, черная сатинированая;артикула нет на сайте vimar.ru
22644.71;Eikon Exe;накладка;Накладка на Eikon Exe на 6 модулей (2+2+2) расстояние между центрами 71мм, белый латте;артикула нет на сайте vimar.ru
22644.72;Eikon Exe;накладка;Накладка на Eikon Exe на 6 модулей (2+2+2) расстояние между центрами 71мм, белая конопля;артикула нет на сайте vimar.ru
22644.73;Eikon Exe;накладка;Накладка на Eikon Exe на 6 модулей (2+2+2) расстояние между центрами 71мм, черная матовая;артикула нет на сайте vimar.ru
22644.75;Eikon Exe;накладка;Накладка на Eikon Exe на 6 модулей (2+2+2) расстояние между центрами 71мм, ледяное серебро;артикула нет на сайте vimar.ru
22644.76;Eikon Exe;накладка;Накладка на Eikon Exe на 6 модулей (2+2+2) расстояние между центрами 71мм, блестящая бронза;артикула нет на сайте vimar.ru
22644.77;Eikon Exe;накладка;Накладка на Eikon Exe на 6 модулей (2+2+2) расстояние между центрами 71мм, коричневый опал;артикула нет на сайте vimar.ru
22644.81;Eikon Exe;накладка;Накладка на Eikon Exe на 6 модулей (2+2+2) расстояние между центрами 71мм, никель;артикула нет на сайте vimar.ru
22644.82;Eikon Exe;накладка;Накладка на Eikon Exe на 6 модулей (2+2+2) расстояние между центрами 71мм, золото;артикула нет на сайте vimar.ru
22644.83;Eikon Exe;накладка;Накладка на Eikon Exe на 6 модулей (2+2+2) расстояние между центрами 71мм, черный хром;артикула нет на сайте vimar.ru
22644.86;Eikon Exe;накладка;Накладка на Eikon Exe на 6 модулей (2+2+2) расстояние между центрами 71мм, сатинированная медь;артикула нет на сайте vimar.ru
22644.87;Eikon Exe;накладка;Накладка на Eikon Exe на 6 модулей (2+2+2) расстояние между центрами 71мм, сатинированная античная бронза;артикула нет на сайте vimar.ru
22644.88;Eikon Exe;накладка;Накладка на Eikon Exe на 6 модулей (2+2+2) расстояние между центрами 71мм, золото матовое;артикула нет на сайте vimar.ru
22653.85;Eikon Exe;накладка;Накладка на 3 модуля, античное золото;артикула нет на сайте vimar.ru
22654.85;Eikon Exe;накладка;Накладка на 4 модуля, античное золото;артикула нет на сайте vimar.ru
22657.85;Eikon Exe;накладка;Накладка на 7 модулей, античное золото;артикула нет на сайте vimar.ru
22668.22;Eikon Exe;накладка;Накладка на 8 модулей, степь;на сайте заглушка «нет фото»
22668.23;Eikon Exe;накладка;Накладка на 8 модулей, черный лес;артикула нет на сайте vimar.ru
22668.85;Eikon Exe;накладка;Накладка на 8 модулей, античное золото;артикула нет на сайте vimar.ru
22669.01;Eikon Exe;накладка;Накладка на Eikon Exe на 8 модулей (2+2+2+2) расстояние между центрами 71мм, белая матовая;артикула нет на сайте vimar.ru
22669.02;Eikon Exe;накладка;Накладка на Eikon Exe на 8 модулей (2+2+2+2) расстояние между центрами 71мм, некст;артикула нет на сайте vimar.ru
22669.03;Eikon Exe;накладка;Накладка на Eikon Exe на 8 модулей (2+2+2+2) расстояние между центрами 71мм, антрацит;артикула нет на сайте vimar.ru
22669.11;Eikon Exe;накладка;Накладка на Eikon Exe на 8 модулей (2+2+2+2) расстояние между центрами 71мм, никель матовый;артикула нет на сайте vimar.ru
22669.12;Eikon Exe;накладка;Накладка на Eikon Exe на 8 модулей (2+2+2+2) расстояние между центрами 71мм, темная бронза;артикула нет на сайте vimar.ru
22669.13;Eikon Exe;накладка;Накладка на Eikon Exe на 8 модулей (2+2+2+2) расстояние между центрами 71мм, черная сатинированая;артикула нет на сайте vimar.ru
22669.71;Eikon Exe;накладка;Накладка на Eikon Exe на 8 модулей (2+2+2+2) расстояние между центрами 71мм, белый латте;артикула нет на сайте vimar.ru
22669.72;Eikon Exe;накладка;Накладка на Eikon Exe на 8 модулей (2+2+2+2) расстояние между центрами 71мм, белая конопля;артикула нет на сайте vimar.ru
22669.73;Eikon Exe;накладка;Накладка на Eikon Exe на 8 модулей (2+2+2+2) расстояние между центрами 71мм, черная матовая;артикула нет на сайте vimar.ru
22669.75;Eikon Exe;накладка;Накладка на Eikon Exe на 8 модулей (2+2+2+2) расстояние между центрами 71мм, ледяное серебро;артикула нет на сайте vimar.ru
22669.76;Eikon Exe;накладка;Накладка на Eikon Exe на 8 модулей (2+2+2+2) расстояние между центрами 71мм, блестящая бронза;артикула нет на сайте vimar.ru
22669.77;Eikon Exe;накладка;Накладка на Eikon Exe на 8 модулей (2+2+2+2) расстояние между центрами 71мм, коричневый опал;артикула нет на сайте vimar.ru
22669.81;Eikon Exe;накладка;Накладка на Eikon Exe на 8 модулей (2+2+2+2) расстояние между центрами 71мм, никель;артикула нет на сайте vimar.ru
22669.82;Eikon Exe;накладка;Накладка на Eikon Exe на 8 модулей (2+2+2+2) расстояние между центрами 71мм, золото;артикула нет на сайте vimar.ru
22669.83;Eikon Exe;накладка;Накладка на Eikon Exe на 8 модулей (2+2+2+2) расстояние между центрами 71мм, черный хром;артикула нет на сайте vimar.ru
22669.86;Eikon Exe;накладка;Накладка на Eikon Exe на 8 модулей (2+2+2+2) расстояние между центрами 71мм, сатинированная медь;артикула нет на сайте vimar.ru
22669.87;Eikon Exe;накладка;Накладка на Eikon Exe на 8 модулей (2+2+2+2) расстояние между центрами 71мм, сатинированная античная бронза;артикула нет на сайте vimar.ru
22669.88;Eikon Exe;накладка;Накладка на Eikon Exe на 8 модулей (2+2+2+2) расстояние между центрами 71мм, золото матовое;артикула нет на сайте vimar.ru
22682.2.12;Eikon Flat;накладка;Накладка плоская, 2 модуля на 2 кнопки, Flat, брошированная темная бронза;артикула нет на сайте vimar.ru
22683.2.12;Eikon Flat;накладка;Накладка плоская, 3 модуля на 2 кнопки, Flat, брошированная темная бронза;артикула нет на сайте vimar.ru